{
  "framework": "nextjs",
  "buildCommand": "npm run build",
  "installCommand": "npm install --legacy-peer-deps",
  "outputDirectory": ".next",
  "functions": {
    "src/app/api/**": {
      "maxDuration": 30
    }
  },
  "headers": [
    {
      "source": "/(.*)",
      "headers": [
        {
          "key": "X-Content-Type-Options",
          "value": "nosniff"
        },
        {
          "key": "X-Frame-Options",
          "value": "DENY"
        },
        {
          "key": "X-XSS-Protection",
          "value": "1; mode=block"
        }
      ]
    }
  ],
  "rewrites": [
    {
      "source": "/admin/(.*)",
      "destination": "/admin/$1"
    }
  ]
} 